UTC,Open,High,Low,Close,Volume
07.10.2025 08:00:00.000 UTC,1.39545,1.39554,1.3954,1.39551,0.10395
07.10.2025 08:01:00.000 UTC,1.39549,1.39553,1.39549,1.39551,0.207
07.10.2025 08:02:00.000 UTC,1.39551,1.39553,1.39545,1.39546,0.12105
07.10.2025 08:03:00.000 UTC,1.39546,1.39552,1.39543,1.39543,0.11673
07.10.2025 08:04:00.000 UTC,1.39544,1.39547,1.39537,1.39546,0.05691
07.10.2025 08:05:00.000 UTC,1.39544,1.39544,1.39534,1.39534,0.10107
07.10.2025 08:06:00.000 UTC,1.39535,1.39543,1.39535,1.39535,0.14247
07.10.2025 08:07:00.000 UTC,1.39535,1.39535,1.39523,1.39524,0.05199
07.10.2025 08:08:00.000 UTC,1.39522,1.39523,1.39515,1.39515,0.0282
07.10.2025 08:09:00.000 UTC,1.39515,1.39517,1.39513,1.39514,0.0468
07.10.2025 08:10:00.000 UTC,1.39516,1.3953,1.39516,1.39526,0.07176
07.10.2025 08:11:00.000 UTC,1.39521,1.39526,1.39521,1.39524,0.06762
07.10.2025 08:12:00.000 UTC,1.39523,1.39525,1.39522,1.39522,0.05616
07.10.2025 08:13:00.000 UTC,1.39523,1.39523,1.39505,1.39515,0.07347
07.10.2025 08:14:00.000 UTC,1.39515,1.39524,1.39508,1.39509,0.11322
07.10.2025 08:15:00.000 UTC,1.39514,1.39514,1.39503,1.39503,0.05616
07.10.2025 08:16:00.000 UTC,1.39504,1.39513,1.39504,1.39507,0.10284
07.10.2025 08:17:00.000 UTC,1.39508,1.39515,1.39508,1.3951,0.10449
07.10.2025 08:18:00.000 UTC,1.39514,1.39519,1.3951,1.39515,0.07533
07.10.2025 08:19:00.000 UTC,1.39516,1.39517,1.39507,1.39507,0.08406
07.10.2025 08:20:00.000 UTC,1.39507,1.39522,1.39507,1.39522,0.05832
07.10.2025 08:21:00.000 UTC,1.39522,1.39526,1.3952,1.39526,0.05766
07.10.2025 08:22:00.000 UTC,1.39525,1.39525,1.39519,1.39522,0.07128
07.10.2025 08:23:00.000 UTC,1.39522,1.39525,1.39517,1.3952,0.04464
07.10.2025 08:24:00.000 UTC,1.3952,1.39522,1.39519,1.3952,0.0759
07.10.2025 08:25:00.000 UTC,1.39521,1.39526,1.3952,1.39522,0.08814
07.10.2025 08:26:00.000 UTC,1.39521,1.39537,1.39518,1.3952,0.08442
07.10.2025 08:27:00.000 UTC,1.39524,1.39525,1.39523,1.39524,0.03165
07.10.2025 08:28:00.000 UTC,1.39524,1.3953,1.39516,1.39518,0.03648
07.10.2025 08:29:00.000 UTC,1.39517,1.39522,1.39515,1.39519,0.0534
07.10.2025 08:30:00.000 UTC,1.39519,1.39519,1.39505,1.39508,0.0339
07.10.2025 08:31:00.000 UTC,1.39508,1.39523,1.39508,1.39523,0.03345
07.10.2025 08:32:00.000 UTC,1.39522,1.39538,1.39522,1.39537,0.04482
07.10.2025 08:33:00.000 UTC,1.39538,1.39539,1.39537,1.39538,0.01812
07.10.2025 08:34:00.000 UTC,1.39539,1.39539,1.39534,1.39536,0.042
07.10.2025 08:35:00.000 UTC,1.39537,1.39541,1.39537,1.39538,0.01272
07.10.2025 08:36:00.000 UTC,1.39541,1.39542,1.39536,1.39538,0.05187
07.10.2025 08:37:00.000 UTC,1.39538,1.39545,1.39538,1.39545,0.03753
07.10.2025 08:38:00.000 UTC,1.39546,1.39549,1.39546,1.39547,0.042
07.10.2025 08:39:00.000 UTC,1.39547,1.39548,1.39537,1.39545,0.05355
07.10.2025 08:40:00.000 UTC,1.39547,1.39548,1.39538,1.39542,0.08205
07.10.2025 08:41:00.000 UTC,1.39542,1.39548,1.3954,1.3954,0.04185
07.10.2025 08:42:00.000 UTC,1.3954,1.39543,1.39534,1.39542,0.07305
07.10.2025 08:43:00.000 UTC,1.39542,1.39563,1.39542,1.39561,0.05865
07.10.2025 08:44:00.000 UTC,1.39561,1.39566,1.39558,1.39565,0.04152
07.10.2025 08:45:00.000 UTC,1.39566,1.39573,1.39566,1.3957,0.07194
07.10.2025 08:46:00.000 UTC,1.39571,1.39571,1.39568,1.39569,0.0198
07.10.2025 08:47:00.000 UTC,1.39568,1.39579,1.39568,1.39578,0.04836
07.10.2025 08:48:00.000 UTC,1.39578,1.39579,1.39567,1.39568,0.06124
07.10.2025 08:49:00.000 UTC,1.39568,1.39576,1.39568,1.39572,0.11265
07.10.2025 08:50:00.000 UTC,1.39573,1.39576,1.39565,1.39569,0.09195
07.10.2025 08:51:00.000 UTC,1.39569,1.39569,1.39559,1.39562,0.05199
07.10.2025 08:52:00.000 UTC,1.39563,1.39563,1.39556,1.39556,0.10929
07.10.2025 08:53:00.000 UTC,1.39557,1.39557,1.39547,1.39549,0.05034
07.10.2025 08:54:00.000 UTC,1.39549,1.39556,1.39545,1.39556,0.05823
07.10.2025 08:55:00.000 UTC,1.39555,1.39557,1.39551,1.39555,0.06111
07.10.2025 08:56:00.000 UTC,1.39555,1.39559,1.39555,1.39557,0.0876
07.10.2025 08:57:00.000 UTC,1.39557,1.39562,1.39557,1.39561,0.1209
07.10.2025 08:58:00.000 UTC,1.39561,1.39561,1.3955,1.39558,0.1665
07.10.2025 08:59:00.000 UTC,1.3956,1.39562,1.39557,1.3956,0.18096
07.10.2025 09:00:00.000 UTC,1.39559,1.39563,1.39545,1.39557,0.08715
07.10.2025 09:01:00.000 UTC,1.39557,1.39558,1.39551,1.39552,0.03351
07.10.2025 09:02:00.000 UTC,1.39552,1.39554,1.39547,1.39553,0.07923
07.10.2025 09:03:00.000 UTC,1.39553,1.39562,1.39553,1.39561,0.0705
07.10.2025 09:04:00.000 UTC,1.39562,1.39562,1.39558,1.39558,0.01875
07.10.2025 09:05:00.000 UTC,1.39559,1.3956,1.39556,1.39559,0.03945
07.10.2025 09:06:00.000 UTC,1.39559,1.39562,1.39557,1.39559,0.05319
07.10.2025 09:07:00.000 UTC,1.39558,1.39566,1.39557,1.39562,0.04827
07.10.2025 09:08:00.000 UTC,1.39561,1.39568,1.39559,1.39559,0.0468
07.10.2025 09:09:00.000 UTC,1.39557,1.39558,1.39548,1.39551,0.04687
07.10.2025 09:10:00.000 UTC,1.39551,1.39552,1.39541,1.39542,0.03465
07.10.2025 09:11:00.000 UTC,1.39542,1.39551,1.39541,1.3955,0.0771
07.10.2025 09:12:00.000 UTC,1.3955,1.39559,1.39548,1.39559,0.04227
07.10.2025 09:13:00.000 UTC,1.39558,1.39558,1.39555,1.39557,0.07743
07.10.2025 09:14:00.000 UTC,1.39556,1.39556,1.39549,1.3955,0.07332
07.10.2025 09:15:00.000 UTC,1.39552,1.39557,1.3955,1.39553,0.04506
07.10.2025 09:16:00.000 UTC,1.39554,1.39558,1.39552,1.39558,0.06762
07.10.2025 09:17:00.000 UTC,1.39557,1.3956,1.39554,1.39555,0.05295
07.10.2025 09:18:00.000 UTC,1.39555,1.39557,1.39553,1.39556,0.02925
07.10.2025 09:19:00.000 UTC,1.39557,1.39571,1.39557,1.3957,0.02967
07.10.2025 09:20:00.000 UTC,1.39568,1.39572,1.39565,1.39572,0.03
07.10.2025 09:21:00.000 UTC,1.39573,1.39578,1.39573,1.39577,0.03687
07.10.2025 09:22:00.000 UTC,1.39578,1.39579,1.39577,1.39578,0.024
07.10.2025 09:23:00.000 UTC,1.39578,1.3958,1.39577,1.3958,0.01029
07.10.2025 09:24:00.000 UTC,1.3958,1.39581,1.39577,1.3958,0.05025
07.10.2025 09:25:00.000 UTC,1.39582,1.39582,1.3957,1.3957,0.02892
07.10.2025 09:26:00.000 UTC,1.39572,1.39575,1.39572,1.39575,0.0141
07.10.2025 09:27:00.000 UTC,1.39576,1.39576,1.39573,1.39575,0.04125
07.10.2025 09:28:00.000 UTC,1.39576,1.39577,1.3957,1.3957,0.05139
07.10.2025 09:29:00.000 UTC,1.39572,1.39572,1.39569,1.39569,0.0939
07.10.2025 09:30:00.000 UTC,1.39571,1.39571,1.39559,1.39561,0.06915
07.10.2025 09:31:00.000 UTC,1.39561,1.39562,1.39557,1.3956,0.04605
07.10.2025 09:32:00.000 UTC,1.3956,1.3956,1.39546,1.39555,0.0699
07.10.2025 09:33:00.000 UTC,1.39554,1.39559,1.39553,1.39556,0.0588
07.10.2025 09:34:00.000 UTC,1.39556,1.39567,1.39556,1.39567,0.07302
07.10.2025 09:35:00.000 UTC,1.39566,1.39572,1.39566,1.39571,0.04392
07.10.2025 09:36:00.000 UTC,1.39572,1.39578,1.39567,1.39577,0.06015
07.10.2025 09:37:00.000 UTC,1.39578,1.39578,1.39571,1.39571,0.03345
07.10.2025 09:38:00.000 UTC,1.39572,1.39578,1.39572,1.39577,0.0483
07.10.2025 09:39:00.000 UTC,1.39577,1.39578,1.39571,1.39576,0.03855
07.10.2025 09:40:00.000 UTC,1.39577,1.39577,1.39571,1.39577,0.0534
07.10.2025 09:41:00.000 UTC,1.39576,1.39577,1.39572,1.39576,0.05745
07.10.2025 09:42:00.000 UTC,1.39577,1.39577,1.39571,1.39574,0.07419
07.10.2025 09:43:00.000 UTC,1.39572,1.39572,1.39559,1.3956,0.07995
07.10.2025 09:44:00.000 UTC,1.3956,1.39561,1.39557,1.39557,0.0735
07.10.2025 09:45:00.000 UTC,1.39557,1.3956,1.39556,1.3956,0.04335
07.10.2025 09:46:00.000 UTC,1.3956,1.39562,1.39559,1.3956,0.12354
07.10.2025 09:47:00.000 UTC,1.3956,1.39561,1.39559,1.3956,0.07584
07.10.2025 09:48:00.000 UTC,1.39559,1.3956,1.3955,1.3955,0.08322
07.10.2025 09:49:00.000 UTC,1.39551,1.39552,1.3955,1.3955,0.08904
07.10.2025 09:50:00.000 UTC,1.39551,1.39551,1.39545,1.39547,0.05625
07.10.2025 09:51:00.000 UTC,1.39549,1.3955,1.39543,1.39547,0.0288
07.10.2025 09:52:00.000 UTC,1.39549,1.39551,1.39545,1.39546,0.0267
07.10.2025 09:53:00.000 UTC,1.39546,1.39546,1.39537,1.39539,0.03997
07.10.2025 09:54:00.000 UTC,1.39538,1.39548,1.39538,1.39547,0.033
07.10.2025 09:55:00.000 UTC,1.39548,1.39558,1.39548,1.39552,0.02604
07.10.2025 09:56:00.000 UTC,1.3955,1.39552,1.39545,1.39548,0.03213
07.10.2025 09:57:00.000 UTC,1.39549,1.39549,1.39546,1.39548,0.01575
07.10.2025 09:58:00.000 UTC,1.39549,1.39552,1.39546,1.3955,0.03789
07.10.2025 09:59:00.000 UTC,1.39551,1.39551,1.3954,1.39541,0.13611
07.10.2025 10:00:00.000 UTC,1.3954,1.3954,1.39537,1.39538,0.1038
07.10.2025 10:01:00.000 UTC,1.39538,1.39546,1.39538,1.39542,0.09894
07.10.2025 10:02:00.000 UTC,1.39543,1.39552,1.39543,1.39548,0.0627
07.10.2025 10:03:00.000 UTC,1.39547,1.39548,1.39541,1.39541,0.0667
07.10.2025 10:04:00.000 UTC,1.39541,1.39546,1.39541,1.39543,0.09138
07.10.2025 10:05:00.000 UTC,1.39541,1.39541,1.39539,1.39541,0.04167
07.10.2025 10:06:00.000 UTC,1.3954,1.39548,1.3954,1.39548,0.03885
07.10.2025 10:07:00.000 UTC,1.39548,1.39548,1.39538,1.39538,0.04626
07.10.2025 10:08:00.000 UTC,1.39538,1.39541,1.39537,1.39538,0.0336
07.10.2025 10:09:00.000 UTC,1.39539,1.39539,1.39518,1.3952,0.1878
07.10.2025 10:10:00.000 UTC,1.39519,1.3952,1.39515,1.39517,0.0696
07.10.2025 10:11:00.000 UTC,1.39517,1.39528,1.39516,1.39528,0.04818
07.10.2025 10:12:00.000 UTC,1.39528,1.39531,1.39526,1.3953,0.02535
07.10.2025 10:13:00.000 UTC,1.39531,1.39531,1.39523,1.39523,0.02448
07.10.2025 10:14:00.000 UTC,1.39523,1.39523,1.39521,1.39522,0.01359
07.10.2025 10:15:00.000 UTC,1.3952,1.39523,1.39516,1.39519,0.0228
07.10.2025 10:16:00.000 UTC,1.39517,1.39517,1.39512,1.39513,0.03105
07.10.2025 10:17:00.000 UTC,1.39513,1.39513,1.3951,1.39511,0.0288
07.10.2025 10:18:00.000 UTC,1.39509,1.39511,1.39509,1.3951,0.03465
07.10.2025 10:19:00.000 UTC,1.3951,1.39512,1.39509,1.39512,0.0243
07.10.2025 10:20:00.000 UTC,1.39511,1.39513,1.39509,1.39509,0.0132
07.10.2025 10:21:00.000 UTC,1.3951,1.39511,1.3951,1.39511,0.00975
07.10.2025 10:22:00.000 UTC,1.39513,1.39518,1.39512,1.39514,0.03585
07.10.2025 10:23:00.000 UTC,1.39513,1.39518,1.39511,1.39518,0.018
07.10.2025 10:24:00.000 UTC,1.39518,1.3953,1.39518,1.39524,0.04431
07.10.2025 10:25:00.000 UTC,1.39526,1.39531,1.39526,1.3953,0.0348
07.10.2025 10:26:00.000 UTC,1.39529,1.3953,1.39526,1.39526,0.0186
07.10.2025 10:27:00.000 UTC,1.39523,1.39523,1.39522,1.39523,0.04665
07.10.2025 10:28:00.000 UTC,1.39524,1.39528,1.39523,1.39523,0.0312
07.10.2025 10:29:00.000 UTC,1.39523,1.39523,1.39518,1.39521,0.04275
07.10.2025 10:30:00.000 UTC,1.39519,1.39519,1.39503,1.39504,0.02805
07.10.2025 10:31:00.000 UTC,1.39504,1.39508,1.39496,1.39496,0.0741
07.10.2025 10:32:00.000 UTC,1.39498,1.39502,1.39498,1.39502,0.0162
07.10.2025 10:33:00.000 UTC,1.39503,1.39505,1.39501,1.39501,0.02535
07.10.2025 10:34:00.000 UTC,1.395,1.39501,1.39497,1.39499,0.0357
07.10.2025 10:35:00.000 UTC,1.395,1.395,1.39491,1.39491,0.04683
07.10.2025 10:36:00.000 UTC,1.39491,1.39496,1.39486,1.39486,0.06369
07.10.2025 10:37:00.000 UTC,1.39486,1.39486,1.39475,1.39476,0.08334
07.10.2025 10:38:00.000 UTC,1.39476,1.3948,1.39472,1.39475,0.0681
07.10.2025 10:39:00.000 UTC,1.39476,1.39477,1.39476,1.39476,0.0132
07.10.2025 10:40:00.000 UTC,1.39476,1.39481,1.39475,1.39481,0.02265
07.10.2025 10:41:00.000 UTC,1.39483,1.39492,1.39483,1.39491,0.0216
07.10.2025 10:42:00.000 UTC,1.39489,1.39492,1.39486,1.39491,0.045
07.10.2025 10:43:00.000 UTC,1.3949,1.39492,1.39481,1.39486,0.0651
07.10.2025 10:44:00.000 UTC,1.39486,1.39491,1.39486,1.39491,0.06495
07.10.2025 10:45:00.000 UTC,1.39496,1.39503,1.39496,1.39501,0.10395
07.10.2025 10:46:00.000 UTC,1.39502,1.3951,1.39499,1.39506,0.0513
07.10.2025 10:47:00.000 UTC,1.39505,1.39505,1.39493,1.39495,0.05085
07.10.2025 10:48:00.000 UTC,1.39496,1.39501,1.39496,1.39499,0.0405
07.10.2025 10:49:00.000 UTC,1.395,1.39501,1.39499,1.39499,0.0165
07.10.2025 10:50:00.000 UTC,1.395,1.39501,1.39496,1.39497,0.05415
07.10.2025 10:51:00.000 UTC,1.39494,1.39494,1.39486,1.39486,0.0612
07.10.2025 10:52:00.000 UTC,1.39486,1.39489,1.39486,1.39489,0.04455
07.10.2025 10:53:00.000 UTC,1.39489,1.39489,1.39486,1.39487,0.06189
07.10.2025 10:54:00.000 UTC,1.39488,1.39488,1.3948,1.39485,0.12855
07.10.2025 10:55:00.000 UTC,1.39485,1.39498,1.39485,1.39493,0.05076
07.10.2025 10:56:00.000 UTC,1.39492,1.39502,1.39492,1.39499,0.05124
07.10.2025 10:57:00.000 UTC,1.39499,1.39501,1.39493,1.39496,0.0579
07.10.2025 10:58:00.000 UTC,1.39494,1.39496,1.39486,1.39491,0.11949
07.10.2025 10:59:00.000 UTC,1.39493,1.39518,1.39493,1.39517,0.15717
07.10.2025 11:00:00.000 UTC,1.39517,1.39518,1.3951,1.39517,0.09876
07.10.2025 11:01:00.000 UTC,1.39517,1.39519,1.39509,1.39509,0.0606
07.10.2025 11:02:00.000 UTC,1.39508,1.39516,1.39508,1.39516,0.04557
07.10.2025 11:03:00.000 UTC,1.39516,1.39521,1.39509,1.39514,0.08667
07.10.2025 11:04:00.000 UTC,1.39513,1.39523,1.39511,1.39522,0.07428
07.10.2025 11:05:00.000 UTC,1.39522,1.39533,1.3952,1.3953,0.0708
07.10.2025 11:06:00.000 UTC,1.39529,1.39529,1.39526,1.39527,0.0756
07.10.2025 11:07:00.000 UTC,1.39527,1.39528,1.39521,1.39522,0.0633
07.10.2025 11:08:00.000 UTC,1.39522,1.39541,1.39522,1.39539,0.08424
07.10.2025 11:09:00.000 UTC,1.3954,1.3954,1.3953,1.39534,0.11661
07.10.2025 11:10:00.000 UTC,1.39536,1.3954,1.39536,1.3954,0.02835
07.10.2025 11:11:00.000 UTC,1.39538,1.3954,1.39529,1.3953,0.04293
07.10.2025 11:12:00.000 UTC,1.3953,1.39537,1.3953,1.39536,0.05208
07.10.2025 11:13:00.000 UTC,1.39535,1.39538,1.3953,1.39534,0.072
07.10.2025 11:14:00.000 UTC,1.39531,1.39539,1.39527,1.39536,0.08139
07.10.2025 11:15:00.000 UTC,1.39537,1.3954,1.39536,1.39537,0.03417
07.10.2025 11:16:00.000 UTC,1.39536,1.3954,1.39536,1.3954,0.02694
07.10.2025 11:17:00.000 UTC,1.39539,1.3954,1.39536,1.3954,0.03414
07.10.2025 11:18:00.000 UTC,1.39539,1.39549,1.39537,1.39548,0.04371
07.10.2025 11:19:00.000 UTC,1.3955,1.39551,1.39543,1.3955,0.04755
07.10.2025 11:20:00.000 UTC,1.3955,1.39551,1.39548,1.3955,0.01446
07.10.2025 11:21:00.000 UTC,1.3955,1.39552,1.39548,1.3955,0.05712
07.10.2025 11:22:00.000 UTC,1.39551,1.39559,1.39549,1.39558,0.09072
07.10.2025 11:23:00.000 UTC,1.39558,1.39558,1.3955,1.3955,0.04485
07.10.2025 11:24:00.000 UTC,1.3955,1.3955,1.39542,1.39549,0.02604
07.10.2025 11:25:00.000 UTC,1.39548,1.39561,1.39548,1.39555,0.11115
07.10.2025 11:26:00.000 UTC,1.39551,1.39554,1.39548,1.39548,0.07216
07.10.2025 11:27:00.000 UTC,1.39549,1.39556,1.39548,1.39552,0.08847
07.10.2025 11:28:00.000 UTC,1.39551,1.39555,1.39548,1.39555,0.07224
07.10.2025 11:29:00.000 UTC,1.39555,1.39556,1.39551,1.39554,0.05829
07.10.2025 11:30:00.000 UTC,1.39553,1.3956,1.3955,1.3956,0.02952
07.10.2025 11:31:00.000 UTC,1.3956,1.39575,1.39558,1.39574,0.04032
07.10.2025 11:32:00.000 UTC,1.39575,1.39575,1.39564,1.39565,0.06255
07.10.2025 11:33:00.000 UTC,1.39564,1.39566,1.3956,1.39563,0.05559
07.10.2025 11:34:00.000 UTC,1.39564,1.39572,1.39564,1.3957,0.03312
07.10.2025 11:35:00.000 UTC,1.3957,1.39583,1.3957,1.39581,0.05175
07.10.2025 11:36:00.000 UTC,1.39582,1.39589,1.39581,1.39586,0.04545
07.10.2025 11:37:00.000 UTC,1.39585,1.3959,1.39583,1.3959,0.04995
07.10.2025 11:38:00.000 UTC,1.3959,1.3959,1.39588,1.39589,0.0156
07.10.2025 11:39:00.000 UTC,1.39589,1.39603,1.39589,1.39599,0.05757
07.10.2025 11:40:00.000 UTC,1.396,1.39601,1.39588,1.39588,0.042
07.10.2025 11:41:00.000 UTC,1.39587,1.39589,1.39587,1.39588,0.02574
07.10.2025 11:42:00.000 UTC,1.39587,1.39591,1.39585,1.3959,0.08085
07.10.2025 11:43:00.000 UTC,1.3959,1.39596,1.3959,1.39595,0.06309
07.10.2025 11:44:00.000 UTC,1.39594,1.39595,1.39586,1.39586,0.01839
07.10.2025 11:45:00.000 UTC,1.39585,1.39585,1.39579,1.39581,0.03237
07.10.2025 11:46:00.000 UTC,1.39581,1.39581,1.39576,1.39577,0.04362
07.10.2025 11:47:00.000 UTC,1.39581,1.39581,1.39568,1.39577,0.08004
07.10.2025 11:48:00.000 UTC,1.39576,1.396,1.39576,1.396,0.05412
07.10.2025 11:49:00.000 UTC,1.396,1.39611,1.39597,1.39611,0.07128
07.10.2025 11:50:00.000 UTC,1.39612,1.39618,1.39608,1.39617,0.0675
07.10.2025 11:51:00.000 UTC,1.39616,1.39621,1.39616,1.3962,0.03438
07.10.2025 11:52:00.000 UTC,1.39621,1.39622,1.39616,1.39618,0.06222
07.10.2025 11:53:00.000 UTC,1.3962,1.3962,1.39608,1.39608,0.06792
07.10.2025 11:54:00.000 UTC,1.39608,1.39609,1.39597,1.39598,0.07848
07.10.2025 11:55:00.000 UTC,1.39597,1.39603,1.39596,1.39598,0.06135
07.10.2025 11:56:00.000 UTC,1.39597,1.39599,1.3959,1.3959,0.07959
07.10.2025 11:57:00.000 UTC,1.39591,1.39591,1.39577,1.39581,0.09453
07.10.2025 11:58:00.000 UTC,1.39582,1.3959,1.39579,1.39582,0.10242
07.10.2025 11:59:00.000 UTC,1.39582,1.39584,1.39579,1.3958,0.03705
07.10.2025 12:00:00.000 UTC,1.39581,1.39583,1.39556,1.39567,0.14739
07.10.2025 12:01:00.000 UTC,1.39563,1.39563,1.39556,1.39559,0.0732
07.10.2025 12:02:00.000 UTC,1.3956,1.39563,1.39551,1.39559,0.07275
07.10.2025 12:03:00.000 UTC,1.39561,1.39563,1.39555,1.39555,0.03255
07.10.2025 12:04:00.000 UTC,1.39554,1.39558,1.39554,1.39556,0.0348
07.10.2025 12:05:00.000 UTC,1.39557,1.3956,1.39554,1.39559,0.036
07.10.2025 12:06:00.000 UTC,1.39558,1.39565,1.39557,1.39564,0.0276
07.10.2025 12:07:00.000 UTC,1.39568,1.39569,1.39549,1.3955,0.08559
07.10.2025 12:08:00.000 UTC,1.3955,1.3955,1.39546,1.39549,0.04782
07.10.2025 12:09:00.000 UTC,1.39547,1.39549,1.39546,1.39547,0.10998
07.10.2025 12:10:00.000 UTC,1.39547,1.3955,1.39546,1.39548,0.07021
07.10.2025 12:11:00.000 UTC,1.39547,1.39549,1.39546,1.39547,0.04606
07.10.2025 12:12:00.000 UTC,1.39547,1.39552,1.39546,1.39552,0.03455
07.10.2025 12:13:00.000 UTC,1.39552,1.39558,1.39549,1.39551,0.04842
07.10.2025 12:14:00.000 UTC,1.39552,1.39556,1.39548,1.39549,0.06132
07.10.2025 12:15:00.000 UTC,1.3955,1.39566,1.3955,1.39564,0.09756
07.10.2025 12:16:00.000 UTC,1.39564,1.39569,1.39556,1.39568,0.07206
07.10.2025 12:17:00.000 UTC,1.39568,1.39577,1.39567,1.39577,0.02448
07.10.2025 12:18:00.000 UTC,1.39578,1.39598,1.39578,1.39597,0.14601
07.10.2025 12:19:00.000 UTC,1.39597,1.39598,1.39587,1.39588,0.08049
07.10.2025 12:20:00.000 UTC,1.39591,1.39601,1.39578,1.39579,0.14775
07.10.2025 12:21:00.000 UTC,1.39577,1.3958,1.3957,1.3958,0.05469
07.10.2025 12:22:00.000 UTC,1.39582,1.39599,1.3958,1.39598,0.12081
07.10.2025 12:23:00.000 UTC,1.396,1.39614,1.39598,1.39608,0.14673
07.10.2025 12:24:00.000 UTC,1.39608,1.39612,1.39599,1.396,0.1026
07.10.2025 12:25:00.000 UTC,1.39599,1.39601,1.3957,1.39576,0.2199
07.10.2025 12:26:00.000 UTC,1.39577,1.39588,1.39572,1.3958,0.08995
07.10.2025 12:27:00.000 UTC,1.39579,1.39579,1.39576,1.39579,0.0375
07.10.2025 12:28:00.000 UTC,1.39578,1.39584,1.39578,1.39582,0.0534
07.10.2025 12:29:00.000 UTC,1.39583,1.39583,1.39574,1.39578,0.09525
07.10.2025 12:30:00.000 UTC,1.39579,1.39588,1.39578,1.39587,0.07362
07.10.2025 12:31:00.000 UTC,1.39588,1.39598,1.39588,1.39598,0.04185
07.10.2025 12:32:00.000 UTC,1.39598,1.39605,1.39588,1.39593,0.10059
07.10.2025 12:33:00.000 UTC,1.39594,1.39603,1.39594,1.39596,0.05979
07.10.2025 12:34:00.000 UTC,1.39597,1.39607,1.39596,1.39598,0.0702
07.10.2025 12:35:00.000 UTC,1.39599,1.39599,1.39569,1.39575,0.1017
07.10.2025 12:36:00.000 UTC,1.39573,1.39576,1.39559,1.3957,0.10782
07.10.2025 12:37:00.000 UTC,1.39566,1.39579,1.39564,1.39578,0.05385
07.10.2025 12:38:00.000 UTC,1.39577,1.39577,1.3956,1.39563,0.06912
07.10.2025 12:39:00.000 UTC,1.39563,1.39563,1.39556,1.39558,0.09696
07.10.2025 12:40:00.000 UTC,1.39558,1.3956,1.39536,1.39536,0.16231
07.10.2025 12:41:00.000 UTC,1.39536,1.39541,1.39529,1.39538,0.13788
07.10.2025 12:42:00.000 UTC,1.3954,1.39555,1.39537,1.39555,0.1632
07.10.2025 12:43:00.000 UTC,1.39556,1.39561,1.39541,1.39545,0.15774
07.10.2025 12:44:00.000 UTC,1.39546,1.39546,1.39529,1.39535,0.159
07.10.2025 12:45:00.000 UTC,1.39535,1.39549,1.39533,1.39539,0.18118
07.10.2025 12:46:00.000 UTC,1.39539,1.39542,1.39537,1.39541,0.1779
07.10.2025 12:47:00.000 UTC,1.3954,1.39549,1.39539,1.39546,0.1158
07.10.2025 12:48:00.000 UTC,1.39546,1.39546,1.39536,1.39538,0.17076
07.10.2025 12:49:00.000 UTC,1.39539,1.39543,1.39528,1.39535,0.09894
07.10.2025 12:50:00.000 UTC,1.39536,1.39551,1.39535,1.39551,0.114
07.10.2025 12:51:00.000 UTC,1.39551,1.39554,1.39549,1.39549,0.06135
07.10.2025 12:52:00.000 UTC,1.39548,1.39548,1.3953,1.39533,0.11049
07.10.2025 12:53:00.000 UTC,1.39535,1.39537,1.39535,1.39536,0.08403
07.10.2025 12:54:00.000 UTC,1.39537,1.39538,1.39526,1.39527,0.08265
07.10.2025 12:55:00.000 UTC,1.39528,1.39536,1.39526,1.39536,0.10272
07.10.2025 12:56:00.000 UTC,1.39537,1.39539,1.39531,1.39537,0.10284
07.10.2025 12:57:00.000 UTC,1.39533,1.39549,1.39533,1.39544,0.09174
07.10.2025 12:58:00.000 UTC,1.39544,1.39557,1.39544,1.39548,0.13053
07.10.2025 12:59:00.000 UTC,1.39549,1.39549,1.39529,1.39532,0.08859
07.10.2025 13:00:00.000 UTC,1.39535,1.39549,1.39529,1.3954,0.13263
07.10.2025 13:01:00.000 UTC,1.39538,1.39545,1.39529,1.39543,0.1389
07.10.2025 13:02:00.000 UTC,1.39541,1.39549,1.39535,1.39548,0.14418
07.10.2025 13:03:00.000 UTC,1.39548,1.39553,1.39539,1.39549,0.06789
07.10.2025 13:04:00.000 UTC,1.39549,1.39559,1.39548,1.39549,0.06114
07.10.2025 13:05:00.000 UTC,1.39547,1.3955,1.39536,1.39537,0.09891
07.10.2025 13:06:00.000 UTC,1.39536,1.39541,1.3953,1.39531,0.09324
07.10.2025 13:07:00.000 UTC,1.39531,1.39532,1.39514,1.39516,0.11856
07.10.2025 13:08:00.000 UTC,1.39516,1.39526,1.39513,1.39517,0.09021
07.10.2025 13:09:00.000 UTC,1.39518,1.39523,1.39516,1.3952,0.13455
07.10.2025 13:10:00.000 UTC,1.3952,1.39525,1.39489,1.3952,0.16581
07.10.2025 13:11:00.000 UTC,1.3952,1.39522,1.39517,1.39517,0.10572
07.10.2025 13:12:00.000 UTC,1.39517,1.3952,1.39503,1.3952,0.10245
07.10.2025 13:13:00.000 UTC,1.3952,1.3953,1.39518,1.39521,0.11634
07.10.2025 13:14:00.000 UTC,1.39521,1.3953,1.39511,1.39522,0.17569
07.10.2025 13:15:00.000 UTC,1.39523,1.39523,1.39509,1.39509,0.21219
07.10.2025 13:16:00.000 UTC,1.39509,1.39514,1.39506,1.39509,0.14772
07.10.2025 13:17:00.000 UTC,1.39506,1.39515,1.39496,1.39513,0.12732
07.10.2025 13:18:00.000 UTC,1.39512,1.39516,1.39502,1.39508,0.10119
07.10.2025 13:19:00.000 UTC,1.39503,1.39503,1.39492,1.395,0.10002
07.10.2025 13:20:00.000 UTC,1.395,1.39507,1.39498,1.39501,0.14145
07.10.2025 13:21:00.000 UTC,1.39501,1.39502,1.39486,1.39486,0.1071
07.10.2025 13:22:00.000 UTC,1.39486,1.39496,1.39486,1.39492,0.15798
07.10.2025 13:23:00.000 UTC,1.39493,1.39493,1.39478,1.39481,0.11286
07.10.2025 13:24:00.000 UTC,1.39481,1.39502,1.3948,1.39482,0.12822
07.10.2025 13:25:00.000 UTC,1.39481,1.39535,1.3948,1.39534,0.14502
07.10.2025 13:26:00.000 UTC,1.39534,1.39545,1.39519,1.39521,0.16803
07.10.2025 13:27:00.000 UTC,1.3952,1.3953,1.39501,1.39507,0.18426
07.10.2025 13:28:00.000 UTC,1.39507,1.39534,1.39507,1.39534,0.22017
07.10.2025 13:29:00.000 UTC,1.39533,1.39536,1.39529,1.39533,0.14373
07.10.2025 13:30:00.000 UTC,1.39533,1.39538,1.39513,1.39522,0.2667
07.10.2025 13:31:00.000 UTC,1.39522,1.39525,1.39515,1.3952,0.22329
07.10.2025 13:32:00.000 UTC,1.39518,1.39518,1.39496,1.39499,0.25512
07.10.2025 13:33:00.000 UTC,1.39498,1.3951,1.39493,1.39509,0.16713
07.10.2025 13:34:00.000 UTC,1.39509,1.39511,1.39496,1.39497,0.14934
07.10.2025 13:35:00.000 UTC,1.39496,1.39509,1.39493,1.39504,0.24498
07.10.2025 13:36:00.000 UTC,1.39504,1.39513,1.39491,1.39502,0.17085
07.10.2025 13:37:00.000 UTC,1.39502,1.39519,1.395,1.39512,0.30342
07.10.2025 13:38:00.000 UTC,1.39512,1.39512,1.395,1.39503,0.20526
07.10.2025 13:39:00.000 UTC,1.39503,1.39513,1.39499,1.39512,0.19314
07.10.2025 13:40:00.000 UTC,1.39512,1.39512,1.39496,1.39497,0.14934
07.10.2025 13:41:00.000 UTC,1.39496,1.39504,1.39492,1.39492,0.06922
07.10.2025 13:42:00.000 UTC,1.39492,1.39492,1.3948,1.39482,0.1518
07.10.2025 13:43:00.000 UTC,1.39481,1.39482,1.3946,1.39462,0.09468
07.10.2025 13:44:00.000 UTC,1.39462,1.39477,1.39456,1.39469,0.15228
07.10.2025 13:45:00.000 UTC,1.39468,1.39469,1.39462,1.39466,0.09567
07.10.2025 13:46:00.000 UTC,1.39465,1.3947,1.39463,1.39467,0.06225
07.10.2025 13:47:00.000 UTC,1.39469,1.39473,1.39459,1.39461,0.0771
07.10.2025 13:48:00.000 UTC,1.3946,1.39462,1.39451,1.39459,0.0636
07.10.2025 13:49:00.000 UTC,1.39458,1.39476,1.39455,1.39473,0.05499
07.10.2025 13:50:00.000 UTC,1.39474,1.39474,1.39457,1.39459,0.10347
07.10.2025 13:51:00.000 UTC,1.39458,1.39458,1.39446,1.39452,0.10155
07.10.2025 13:52:00.000 UTC,1.39452,1.39488,1.3944,1.39488,0.13461
07.10.2025 13:53:00.000 UTC,1.39488,1.39495,1.39456,1.39456,0.14094
07.10.2025 13:54:00.000 UTC,1.39464,1.39477,1.39452,1.39475,0.12192
07.10.2025 13:55:00.000 UTC,1.39475,1.39486,1.39468,1.39476,0.0807
07.10.2025 13:56:00.000 UTC,1.39474,1.39477,1.39459,1.39468,0.07395
07.10.2025 13:57:00.000 UTC,1.39468,1.39473,1.39452,1.39471,0.10605
07.10.2025 13:58:00.000 UTC,1.3947,1.39475,1.39467,1.39474,0.0552
07.10.2025 13:59:00.000 UTC,1.39473,1.39481,1.39472,1.39475,0.0528
07.10.2025 14:00:00.000 UTC,1.39477,1.39497,1.39477,1.39492,0.11934
07.10.2025 14:01:00.000 UTC,1.39493,1.39505,1.39493,1.39502,0.04464
07.10.2025 14:02:00.000 UTC,1.39501,1.39502,1.39489,1.3949,0.1917
07.10.2025 14:03:00.000 UTC,1.3949,1.3949,1.39479,1.39489,0.15456
07.10.2025 14:04:00.000 UTC,1.39488,1.39494,1.3948,1.39491,0.1408
07.10.2025 14:05:00.000 UTC,1.39492,1.39496,1.39481,1.39482,0.28404
07.10.2025 14:06:00.000 UTC,1.39482,1.39482,1.39454,1.39457,0.28626
07.10.2025 14:07:00.000 UTC,1.39456,1.39456,1.3944,1.39443,0.24057
07.10.2025 14:08:00.000 UTC,1.39443,1.39477,1.3944,1.39475,0.22404
07.10.2025 14:09:00.000 UTC,1.39475,1.39479,1.3945,1.39459,0.2643
07.10.2025 14:10:00.000 UTC,1.3946,1.39473,1.39456,1.39463,0.18019
07.10.2025 14:11:00.000 UTC,1.39465,1.39471,1.39461,1.39462,0.1833
07.10.2025 14:12:00.000 UTC,1.39461,1.39493,1.3946,1.39484,0.10185
07.10.2025 14:13:00.000 UTC,1.39485,1.39491,1.39472,1.39472,0.1359
07.10.2025 14:14:00.000 UTC,1.39472,1.39482,1.39464,1.39481,0.10605
07.10.2025 14:15:00.000 UTC,1.39481,1.39481,1.39462,1.39462,0.12915
07.10.2025 14:16:00.000 UTC,1.39462,1.39471,1.39449,1.39452,0.1647
07.10.2025 14:17:00.000 UTC,1.39451,1.39453,1.39442,1.39444,0.1053
07.10.2025 14:18:00.000 UTC,1.39444,1.39464,1.39443,1.39464,0.13242
07.10.2025 14:19:00.000 UTC,1.39464,1.39464,1.39444,1.39444,0.09525
07.10.2025 14:20:00.000 UTC,1.39443,1.39461,1.39442,1.39453,0.09714
07.10.2025 14:21:00.000 UTC,1.39453,1.39456,1.39451,1.39452,0.08592
07.10.2025 14:22:00.000 UTC,1.39451,1.39468,1.39444,1.39465,0.07386
07.10.2025 14:23:00.000 UTC,1.39464,1.39464,1.39451,1.39463,0.08584
07.10.2025 14:24:00.000 UTC,1.39461,1.39462,1.39441,1.39451,0.09693
07.10.2025 14:25:00.000 UTC,1.39452,1.39485,1.39452,1.39485,0.15033
07.10.2025 14:26:00.000 UTC,1.39484,1.39493,1.39482,1.39492,0.19809
07.10.2025 14:27:00.000 UTC,1.39492,1.39493,1.39482,1.39487,0.10674
07.10.2025 14:28:00.000 UTC,1.39489,1.39492,1.39488,1.39491,0.18144
07.10.2025 14:29:00.000 UTC,1.39491,1.39496,1.39483,1.39492,0.11601
07.10.2025 14:30:00.000 UTC,1.3949,1.3949,1.39469,1.39472,0.09997
07.10.2025 14:31:00.000 UTC,1.39472,1.39473,1.39464,1.39471,0.05655
07.10.2025 14:32:00.000 UTC,1.39472,1.39472,1.39457,1.3946,0.09168
07.10.2025 14:33:00.000 UTC,1.39461,1.39472,1.39456,1.39457,0.13042
07.10.2025 14:34:00.000 UTC,1.39457,1.39457,1.39442,1.39448,0.13735
07.10.2025 14:35:00.000 UTC,1.39448,1.39452,1.3944,1.39446,0.15942
07.10.2025 14:36:00.000 UTC,1.39446,1.39464,1.39444,1.39462,0.11805
07.10.2025 14:37:00.000 UTC,1.39462,1.39473,1.39452,1.39452,0.12726
07.10.2025 14:38:00.000 UTC,1.39451,1.3946,1.39442,1.39457,0.13422
07.10.2025 14:39:00.000 UTC,1.39456,1.39467,1.39447,1.39464,0.08292
07.10.2025 14:40:00.000 UTC,1.39463,1.39467,1.39459,1.39465,0.0927
07.10.2025 14:41:00.000 UTC,1.39466,1.39471,1.39461,1.3947,0.14577
07.10.2025 14:42:00.000 UTC,1.39471,1.39482,1.39468,1.39473,0.12075
07.10.2025 14:43:00.000 UTC,1.39473,1.39473,1.3946,1.3947,0.08229
07.10.2025 14:44:00.000 UTC,1.39471,1.39485,1.39471,1.39485,0.05571
07.10.2025 14:45:00.000 UTC,1.39484,1.39484,1.39468,1.39472,0.07014
07.10.2025 14:46:00.000 UTC,1.3947,1.39483,1.39464,1.39482,0.13404
07.10.2025 14:47:00.000 UTC,1.39484,1.39487,1.39477,1.3948,0.13575
07.10.2025 14:48:00.000 UTC,1.3948,1.39496,1.3948,1.39495,0.06843
07.10.2025 14:49:00.000 UTC,1.39493,1.39505,1.39493,1.39503,0.1056
07.10.2025 14:50:00.000 UTC,1.39503,1.39537,1.39502,1.39522,0.12285
07.10.2025 14:51:00.000 UTC,1.39521,1.39532,1.39519,1.39522,0.20082
07.10.2025 14:52:00.000 UTC,1.39522,1.3953,1.39512,1.39512,0.08233
07.10.2025 14:53:00.000 UTC,1.39515,1.39527,1.39515,1.39518,0.15378
07.10.2025 14:54:00.000 UTC,1.39518,1.3952,1.39486,1.39499,0.13209
07.10.2025 14:55:00.000 UTC,1.39498,1.39502,1.39491,1.39493,0.13536
07.10.2025 14:56:00.000 UTC,1.39491,1.39498,1.39482,1.39482,0.1611
07.10.2025 14:57:00.000 UTC,1.39482,1.39487,1.39469,1.39469,0.15336
07.10.2025 14:58:00.000 UTC,1.39471,1.39471,1.39455,1.39461,0.2442
07.10.2025 14:59:00.000 UTC,1.39462,1.39471,1.39462,1.39466,0.14901
07.10.2025 15:00:00.000 UTC,1.39466,1.39473,1.39459,1.3946,0.13317
07.10.2025 15:01:00.000 UTC,1.3946,1.39464,1.39453,1.39462,0.14754
07.10.2025 15:02:00.000 UTC,1.3946,1.39474,1.39458,1.39462,0.17334
07.10.2025 15:03:00.000 UTC,1.39462,1.39477,1.39461,1.39471,0.17136
07.10.2025 15:04:00.000 UTC,1.39471,1.39472,1.39459,1.39459,0.08613
07.10.2025 15:05:00.000 UTC,1.39459,1.39472,1.39455,1.39462,0.15414
07.10.2025 15:06:00.000 UTC,1.39462,1.39483,1.39461,1.39482,0.0978
07.10.2025 15:07:00.000 UTC,1.39481,1.39481,1.39465,1.39468,0.13182
07.10.2025 15:08:00.000 UTC,1.39467,1.39477,1.39454,1.39474,0.18948
07.10.2025 15:09:00.000 UTC,1.39474,1.39501,1.39472,1.39501,0.20553
07.10.2025 15:10:00.000 UTC,1.39501,1.39509,1.39481,1.39489,0.25291
07.10.2025 15:11:00.000 UTC,1.3949,1.39491,1.39468,1.39469,0.10254
07.10.2025 15:12:00.000 UTC,1.39468,1.39471,1.39455,1.3946,0.13326
07.10.2025 15:13:00.000 UTC,1.39461,1.39462,1.3945,1.39453,0.20637
07.10.2025 15:14:00.000 UTC,1.39451,1.3946,1.3944,1.39441,0.15903
07.10.2025 15:15:00.000 UTC,1.39442,1.39444,1.39429,1.39429,0.17127
07.10.2025 15:16:00.000 UTC,1.3943,1.39435,1.39421,1.39434,0.16854
07.10.2025 15:17:00.000 UTC,1.39434,1.39435,1.39423,1.39432,0.14511
07.10.2025 15:18:00.000 UTC,1.39433,1.39433,1.39422,1.39423,0.13854
07.10.2025 15:19:00.000 UTC,1.39423,1.39435,1.39417,1.39434,0.06717
07.10.2025 15:20:00.000 UTC,1.39431,1.39431,1.39416,1.39418,0.22335
07.10.2025 15:21:00.000 UTC,1.39419,1.39419,1.39401,1.39401,0.12777
07.10.2025 15:22:00.000 UTC,1.39402,1.39403,1.39383,1.39397,0.09888
07.10.2025 15:23:00.000 UTC,1.39401,1.39416,1.39401,1.39411,0.05877
07.10.2025 15:24:00.000 UTC,1.39412,1.39413,1.39402,1.39405,0.08424
07.10.2025 15:25:00.000 UTC,1.39404,1.39414,1.39402,1.39412,0.11178
07.10.2025 15:26:00.000 UTC,1.39412,1.39413,1.39404,1.39412,0.08259
07.10.2025 15:27:00.000 UTC,1.39411,1.39416,1.39407,1.39413,0.09372
07.10.2025 15:28:00.000 UTC,1.39407,1.39416,1.39407,1.39408,0.0522
07.10.2025 15:29:00.000 UTC,1.39409,1.39415,1.39406,1.39414,0.054
07.10.2025 15:30:00.000 UTC,1.39412,1.39416,1.39408,1.39414,0.0948
07.10.2025 15:31:00.000 UTC,1.39415,1.3944,1.39411,1.39436,0.09387
07.10.2025 15:32:00.000 UTC,1.39435,1.39444,1.39432,1.39444,0.0594
07.10.2025 15:33:00.000 UTC,1.39442,1.39451,1.39441,1.39447,0.05475
07.10.2025 15:34:00.000 UTC,1.39448,1.39448,1.39443,1.39443,0.03855
07.10.2025 15:35:00.000 UTC,1.39443,1.39443,1.39426,1.39439,0.11109
07.10.2025 15:36:00.000 UTC,1.3944,1.39456,1.39438,1.39456,0.03312
07.10.2025 15:37:00.000 UTC,1.39457,1.39466,1.39456,1.39464,0.09018
07.10.2025 15:38:00.000 UTC,1.39463,1.39467,1.3946,1.39466,0.11268
07.10.2025 15:39:00.000 UTC,1.39466,1.39476,1.39464,1.39464,0.12789
07.10.2025 15:40:00.000 UTC,1.39464,1.39475,1.39458,1.39462,0.11205
07.10.2025 15:41:00.000 UTC,1.39461,1.39461,1.39434,1.39436,0.20853
07.10.2025 15:42:00.000 UTC,1.39437,1.39468,1.39436,1.39461,0.17313
07.10.2025 15:43:00.000 UTC,1.39462,1.39462,1.3943,1.39437,0.22609
07.10.2025 15:44:00.000 UTC,1.39438,1.39445,1.39433,1.39441,0.21636
07.10.2025 15:45:00.000 UTC,1.39442,1.39449,1.39439,1.39445,0.17625
07.10.2025 15:46:00.000 UTC,1.39444,1.39463,1.39444,1.39462,0.20933
07.10.2025 15:47:00.000 UTC,1.39461,1.39493,1.39458,1.39492,0.15841
07.10.2025 15:48:00.000 UTC,1.39492,1.39502,1.39478,1.3948,0.23196
07.10.2025 15:49:00.000 UTC,1.39474,1.39478,1.3946,1.3947,0.23541
07.10.2025 15:50:00.000 UTC,1.39469,1.3947,1.39459,1.39468,0.17349
07.10.2025 15:51:00.000 UTC,1.39468,1.39479,1.39463,1.39479,0.15735
07.10.2025 15:52:00.000 UTC,1.39478,1.39484,1.39462,1.39463,0.12505
07.10.2025 15:53:00.000 UTC,1.39464,1.39468,1.39459,1.39461,0.1815
07.10.2025 15:54:00.000 UTC,1.39462,1.3948,1.39461,1.39479,0.1743
07.10.2025 15:55:00.000 UTC,1.39478,1.39485,1.39478,1.39482,0.12654
07.10.2025 15:56:00.000 UTC,1.39479,1.39492,1.39478,1.39492,0.05925
07.10.2025 15:57:00.000 UTC,1.39491,1.39509,1.39489,1.39491,0.16695
07.10.2025 15:58:00.000 UTC,1.39492,1.395,1.39484,1.395,0.21642
07.10.2025 15:59:00.000 UTC,1.39501,1.39502,1.3949,1.39492,0.23949
07.10.2025 16:00:00.000 UTC,1.39491,1.39492,1.39481,1.39482,0.17361
07.10.2025 16:01:00.000 UTC,1.39482,1.39491,1.39479,1.39491,0.05412
07.10.2025 16:02:00.000 UTC,1.39492,1.39504,1.39491,1.39502,0.15045
07.10.2025 16:03:00.000 UTC,1.39501,1.39501,1.3948,1.39481,0.06528
07.10.2025 16:04:00.000 UTC,1.39481,1.39489,1.39474,1.39489,0.11625
07.10.2025 16:05:00.000 UTC,1.39489,1.39502,1.39488,1.395,0.07743
07.10.2025 16:06:00.000 UTC,1.39499,1.39502,1.39491,1.39492,0.14889
07.10.2025 16:07:00.000 UTC,1.39491,1.39491,1.39471,1.39479,0.11124
07.10.2025 16:08:00.000 UTC,1.39479,1.39485,1.39471,1.39483,0.09726
07.10.2025 16:09:00.000 UTC,1.39482,1.39492,1.39454,1.39462,0.15059
07.10.2025 16:10:00.000 UTC,1.39463,1.39473,1.39426,1.39442,0.28306
07.10.2025 16:11:00.000 UTC,1.39442,1.39461,1.39442,1.39452,0.17065
07.10.2025 16:12:00.000 UTC,1.39453,1.3946,1.39453,1.39454,0.07812
07.10.2025 16:13:00.000 UTC,1.39454,1.3948,1.39453,1.3948,0.1089
07.10.2025 16:14:00.000 UTC,1.39481,1.39492,1.39479,1.39481,0.08595
07.10.2025 16:15:00.000 UTC,1.3948,1.3949,1.3948,1.39484,0.07866
07.10.2025 16:16:00.000 UTC,1.39487,1.39504,1.39487,1.39491,0.07215
07.10.2025 16:17:00.000 UTC,1.39492,1.39502,1.39492,1.39498,0.08361
07.10.2025 16:18:00.000 UTC,1.39499,1.395,1.39492,1.39495,0.03621
07.10.2025 16:19:00.000 UTC,1.39494,1.39507,1.39492,1.39501,0.0606
07.10.2025 16:20:00.000 UTC,1.39501,1.39511,1.39499,1.39511,0.07095
07.10.2025 16:21:00.000 UTC,1.39511,1.39521,1.39502,1.39507,0.12849
07.10.2025 16:22:00.000 UTC,1.39511,1.39512,1.39508,1.39512,0.048
07.10.2025 16:23:00.000 UTC,1.39512,1.39512,1.39458,1.39474,0.22557
07.10.2025 16:24:00.000 UTC,1.39481,1.39497,1.39462,1.39494,0.15537
07.10.2025 16:25:00.000 UTC,1.39495,1.39511,1.39492,1.39498,0.1095
07.10.2025 16:26:00.000 UTC,1.39502,1.39504,1.3949,1.3949,0.07222
07.10.2025 16:27:00.000 UTC,1.3949,1.39509,1.39483,1.39509,0.08688
07.10.2025 16:28:00.000 UTC,1.39509,1.39523,1.39504,1.39522,0.06561
07.10.2025 16:29:00.000 UTC,1.39523,1.39523,1.39513,1.39518,0.06882
07.10.2025 16:30:00.000 UTC,1.39519,1.39523,1.39511,1.39522,0.06585
07.10.2025 16:31:00.000 UTC,1.39523,1.39538,1.39521,1.39534,0.10122
07.10.2025 16:32:00.000 UTC,1.39533,1.39543,1.39524,1.39541,0.09786
07.10.2025 16:33:00.000 UTC,1.39542,1.3955,1.39541,1.39541,0.0492
07.10.2025 16:34:00.000 UTC,1.39542,1.39543,1.39523,1.39523,0.072
07.10.2025 16:35:00.000 UTC,1.39526,1.39533,1.39525,1.39533,0.0486
07.10.2025 16:36:00.000 UTC,1.39534,1.39543,1.39534,1.39543,0.057
07.10.2025 16:37:00.000 UTC,1.3954,1.3954,1.39526,1.39526,0.05028
07.10.2025 16:38:00.000 UTC,1.39527,1.39533,1.39524,1.39533,0.0339
07.10.2025 16:39:00.000 UTC,1.39532,1.39532,1.39519,1.39523,0.04845
07.10.2025 16:40:00.000 UTC,1.39521,1.39539,1.39517,1.39533,0.0462
07.10.2025 16:41:00.000 UTC,1.39535,1.39536,1.39526,1.39533,0.04347
07.10.2025 16:42:00.000 UTC,1.39535,1.39564,1.39534,1.39561,0.09282
07.10.2025 16:43:00.000 UTC,1.39559,1.39564,1.39552,1.39558,0.0288
07.10.2025 16:44:00.000 UTC,1.39559,1.39561,1.39547,1.39552,0.099
07.10.2025 16:45:00.000 UTC,1.39553,1.39553,1.39537,1.39551,0.06165
07.10.2025 16:46:00.000 UTC,1.39552,1.39561,1.39551,1.39559,0.06492
07.10.2025 16:47:00.000 UTC,1.3956,1.39561,1.39547,1.39553,0.04155
07.10.2025 16:48:00.000 UTC,1.39553,1.39554,1.39541,1.39544,0.04899
07.10.2025 16:49:00.000 UTC,1.39544,1.39544,1.39538,1.39542,0.0333
07.10.2025 16:50:00.000 UTC,1.39542,1.3955,1.39541,1.3955,0.0309
07.10.2025 16:51:00.000 UTC,1.3955,1.39551,1.39545,1.3955,0.02887
07.10.2025 16:52:00.000 UTC,1.39551,1.39557,1.39539,1.39541,0.07266
07.10.2025 16:53:00.000 UTC,1.39543,1.39547,1.39537,1.39547,0.10236
07.10.2025 16:54:00.000 UTC,1.39548,1.39556,1.39548,1.39551,0.08901
07.10.2025 16:55:00.000 UTC,1.3955,1.39551,1.39545,1.39545,0.03615
07.10.2025 16:56:00.000 UTC,1.39546,1.39547,1.39541,1.39543,0.06579
07.10.2025 16:57:00.000 UTC,1.39545,1.39546,1.39516,1.39516,0.12984
07.10.2025 16:58:00.000 UTC,1.39516,1.39521,1.39508,1.39511,0.2094
07.10.2025 16:59:00.000 UTC,1.39514,1.39519,1.39511,1.39513,0.24822
07.10.2025 17:00:00.000 UTC,1.39517,1.39525,1.39506,1.39524,0.17796
07.10.2025 17:01:00.000 UTC,1.39526,1.39536,1.3952,1.39525,0.1188
07.10.2025 17:02:00.000 UTC,1.39528,1.39528,1.39507,1.39512,0.21576
07.10.2025 17:03:00.000 UTC,1.39513,1.39513,1.39502,1.39508,0.15712
07.10.2025 17:04:00.000 UTC,1.39509,1.3952,1.39509,1.3952,0.13248
07.10.2025 17:05:00.000 UTC,1.39519,1.39529,1.39518,1.39524,0.24201
07.10.2025 17:06:00.000 UTC,1.39526,1.39534,1.39525,1.39531,0.16035
07.10.2025 17:07:00.000 UTC,1.39531,1.39534,1.39519,1.3952,0.1083
07.10.2025 17:08:00.000 UTC,1.39519,1.39521,1.39506,1.39506,0.07605
07.10.2025 17:09:00.000 UTC,1.39506,1.39509,1.39496,1.39496,0.08025
07.10.2025 17:10:00.000 UTC,1.39497,1.39501,1.39493,1.39495,0.10131
07.10.2025 17:11:00.000 UTC,1.39497,1.39499,1.39491,1.39492,0.09318
07.10.2025 17:12:00.000 UTC,1.39492,1.39508,1.39492,1.39506,0.09705
07.10.2025 17:13:00.000 UTC,1.39507,1.39513,1.39502,1.39502,0.05253
07.10.2025 17:14:00.000 UTC,1.39502,1.39502,1.39493,1.39496,0.08451
07.10.2025 17:15:00.000 UTC,1.39495,1.39497,1.39491,1.39492,0.07815
07.10.2025 17:16:00.000 UTC,1.39494,1.39501,1.39489,1.39497,0.06765
07.10.2025 17:17:00.000 UTC,1.39498,1.39511,1.39496,1.3951,0.11487
07.10.2025 17:18:00.000 UTC,1.3951,1.39521,1.39508,1.39518,0.10005
07.10.2025 17:19:00.000 UTC,1.39519,1.39525,1.39516,1.39521,0.07872
07.10.2025 17:20:00.000 UTC,1.3952,1.39531,1.3952,1.39529,0.05487
07.10.2025 17:21:00.000 UTC,1.39528,1.39532,1.39527,1.3953,0.06363
07.10.2025 17:22:00.000 UTC,1.39527,1.39531,1.39526,1.39529,0.05655
07.10.2025 17:23:00.000 UTC,1.39528,1.39528,1.3952,1.39521,0.02613
07.10.2025 17:24:00.000 UTC,1.39519,1.39521,1.39509,1.39517,0.0576
07.10.2025 17:25:00.000 UTC,1.39518,1.39531,1.39517,1.3953,0.05682
07.10.2025 17:26:00.000 UTC,1.39531,1.39536,1.3953,1.39536,0.03159
07.10.2025 17:27:00.000 UTC,1.39537,1.39537,1.39518,1.39521,0.05359
07.10.2025 17:28:00.000 UTC,1.39522,1.39522,1.39516,1.39519,0.0594
07.10.2025 17:29:00.000 UTC,1.39518,1.39519,1.39509,1.39509,0.1056
07.10.2025 17:30:00.000 UTC,1.39507,1.3951,1.39499,1.395,0.07371
07.10.2025 17:31:00.000 UTC,1.39499,1.395,1.39493,1.39497,0.09075
07.10.2025 17:32:00.000 UTC,1.39496,1.3952,1.39495,1.39501,0.1275
07.10.2025 17:33:00.000 UTC,1.39502,1.39502,1.39495,1.39495,0.0984
07.10.2025 17:34:00.000 UTC,1.39497,1.39501,1.39495,1.39499,0.09867
07.10.2025 17:35:00.000 UTC,1.39499,1.39509,1.39498,1.39505,0.10204
07.10.2025 17:36:00.000 UTC,1.39505,1.39517,1.39505,1.39507,0.06465
07.10.2025 17:37:00.000 UTC,1.39507,1.39511,1.39507,1.3951,0.04083
07.10.2025 17:38:00.000 UTC,1.3951,1.39519,1.3951,1.39517,0.06579
07.10.2025 17:39:00.000 UTC,1.39518,1.39519,1.39501,1.39501,0.04002
07.10.2025 17:40:00.000 UTC,1.395,1.39508,1.39481,1.39482,0.10378
07.10.2025 17:41:00.000 UTC,1.39481,1.39491,1.39479,1.3948,0.10116
07.10.2025 17:42:00.000 UTC,1.3948,1.39491,1.39477,1.39479,0.0969
07.10.2025 17:43:00.000 UTC,1.39479,1.39488,1.39472,1.39476,0.11301
07.10.2025 17:44:00.000 UTC,1.39476,1.39476,1.39463,1.39466,0.11925
07.10.2025 17:45:00.000 UTC,1.39466,1.39481,1.39466,1.39477,0.08505
07.10.2025 17:46:00.000 UTC,1.39477,1.3948,1.3947,1.39471,0.06777
07.10.2025 17:47:00.000 UTC,1.39469,1.39472,1.39459,1.3946,0.05895
07.10.2025 17:48:00.000 UTC,1.3946,1.39465,1.39452,1.39458,0.1602
07.10.2025 17:49:00.000 UTC,1.39457,1.39471,1.39457,1.39468,0.14097
07.10.2025 17:50:00.000 UTC,1.39471,1.39478,1.39469,1.39477,0.14205
07.10.2025 17:51:00.000 UTC,1.39476,1.39479,1.39464,1.39465,0.13005
07.10.2025 17:52:00.000 UTC,1.39466,1.39477,1.39461,1.39477,0.1221
07.10.2025 17:53:00.000 UTC,1.39477,1.39479,1.3947,1.3947,0.09075
07.10.2025 17:54:00.000 UTC,1.3947,1.39477,1.3947,1.39474,0.09918
07.10.2025 17:55:00.000 UTC,1.39475,1.39482,1.39474,1.3948,0.10788
07.10.2025 17:56:00.000 UTC,1.39481,1.3949,1.3948,1.39483,0.14007
07.10.2025 17:57:00.000 UTC,1.39484,1.39485,1.39473,1.39478,0.10572
07.10.2025 17:58:00.000 UTC,1.39478,1.39491,1.39477,1.3949,0.11709
07.10.2025 17:59:00.000 UTC,1.3949,1.39499,1.39479,1.39497,0.21531
07.10.2025 18:00:00.000 UTC,1.39498,1.39499,1.3948,1.39481,0.1284
07.10.2025 18:01:00.000 UTC,1.3948,1.39483,1.39478,1.39482,0.08088
07.10.2025 18:02:00.000 UTC,1.39481,1.39503,1.39481,1.39499,0.19113
07.10.2025 18:03:00.000 UTC,1.39499,1.39515,1.39499,1.39512,0.11115
07.10.2025 18:04:00.000 UTC,1.39512,1.39519,1.39509,1.3951,0.09135
07.10.2025 18:05:00.000 UTC,1.39509,1.3952,1.39504,1.39507,0.11892
07.10.2025 18:06:00.000 UTC,1.39508,1.39519,1.39507,1.39508,0.06378
07.10.2025 18:07:00.000 UTC,1.39509,1.39512,1.39499,1.39509,0.08811
07.10.2025 18:08:00.000 UTC,1.39509,1.39518,1.39508,1.3951,0.04458
07.10.2025 18:09:00.000 UTC,1.39511,1.39531,1.39511,1.39531,0.06411
07.10.2025 18:10:00.000 UTC,1.39532,1.39532,1.39514,1.39518,0.05775
07.10.2025 18:11:00.000 UTC,1.39519,1.39529,1.39519,1.39519,0.04071
07.10.2025 18:12:00.000 UTC,1.3952,1.39526,1.39514,1.39521,0.07305
07.10.2025 18:13:00.000 UTC,1.39521,1.39522,1.3951,1.3951,0.08655
07.10.2025 18:14:00.000 UTC,1.3951,1.39511,1.39507,1.39508,0.03915
07.10.2025 18:15:00.000 UTC,1.39508,1.39514,1.39504,1.39504,0.0846
07.10.2025 18:16:00.000 UTC,1.39505,1.39507,1.39499,1.39502,0.06285
07.10.2025 18:17:00.000 UTC,1.39503,1.39503,1.39491,1.39495,0.0654
07.10.2025 18:18:00.000 UTC,1.39497,1.3951,1.39497,1.39499,0.11652
07.10.2025 18:19:00.000 UTC,1.39498,1.395,1.3949,1.39494,0.08859
07.10.2025 18:20:00.000 UTC,1.39494,1.39507,1.39493,1.39507,0.06276
07.10.2025 18:21:00.000 UTC,1.39508,1.39512,1.39491,1.39492,0.09423
07.10.2025 18:22:00.000 UTC,1.39492,1.39497,1.39487,1.39491,0.08838
07.10.2025 18:23:00.000 UTC,1.39495,1.39508,1.39495,1.39504,0.05898
07.10.2025 18:24:00.000 UTC,1.39502,1.39503,1.39489,1.39498,0.07236
07.10.2025 18:25:00.000 UTC,1.39498,1.39502,1.39495,1.39496,0.05175
07.10.2025 18:26:00.000 UTC,1.39497,1.39498,1.3949,1.39492,0.05295
07.10.2025 18:27:00.000 UTC,1.39494,1.39495,1.3949,1.3949,0.04263
07.10.2025 18:28:00.000 UTC,1.39492,1.39496,1.39491,1.39496,0.06693
07.10.2025 18:29:00.000 UTC,1.39497,1.39497,1.39491,1.39491,0.08322
07.10.2025 18:30:00.000 UTC,1.39496,1.39501,1.39496,1.39501,0.02073
07.10.2025 18:31:00.000 UTC,1.39504,1.39506,1.3949,1.39491,0.07737
07.10.2025 18:32:00.000 UTC,1.39489,1.39496,1.39489,1.39491,0.1461
07.10.2025 18:33:00.000 UTC,1.39493,1.39502,1.39491,1.39498,0.09624
07.10.2025 18:34:00.000 UTC,1.39499,1.39506,1.39495,1.39504,0.1326
07.10.2025 18:35:00.000 UTC,1.39504,1.39504,1.39497,1.395,0.1221
07.10.2025 18:36:00.000 UTC,1.395,1.3951,1.39498,1.39501,0.1608
07.10.2025 18:37:00.000 UTC,1.395,1.39508,1.39497,1.39497,0.06375
07.10.2025 18:38:00.000 UTC,1.39498,1.39502,1.39497,1.39501,0.04071
07.10.2025 18:39:00.000 UTC,1.39501,1.39503,1.3948,1.39484,0.12165
07.10.2025 18:40:00.000 UTC,1.39483,1.39497,1.39483,1.39492,0.06177
07.10.2025 18:41:00.000 UTC,1.39491,1.39503,1.39491,1.39502,0.09555
07.10.2025 18:42:00.000 UTC,1.395,1.39515,1.39493,1.39496,0.05928
07.10.2025 18:43:00.000 UTC,1.39496,1.39498,1.3949,1.3949,0.0426
07.10.2025 18:44:00.000 UTC,1.39491,1.39492,1.39489,1.39491,0.0162
07.10.2025 18:45:00.000 UTC,1.39491,1.39493,1.39486,1.39486,0.03462
07.10.2025 18:46:00.000 UTC,1.39485,1.39491,1.39484,1.3949,0.01539
07.10.2025 18:47:00.000 UTC,1.39491,1.39497,1.39478,1.39485,0.12246
07.10.2025 18:48:00.000 UTC,1.39486,1.39486,1.3948,1.39481,0.07497
07.10.2025 18:49:00.000 UTC,1.39481,1.39483,1.39479,1.39481,0.06228
07.10.2025 18:50:00.000 UTC,1.39481,1.39482,1.39477,1.39479,0.0846
07.10.2025 18:51:00.000 UTC,1.39478,1.3948,1.3947,1.3947,0.07053
07.10.2025 18:52:00.000 UTC,1.3947,1.39472,1.39464,1.39464,0.05769
07.10.2025 18:53:00.000 UTC,1.39465,1.39466,1.3945,1.39453,0.1416
07.10.2025 18:54:00.000 UTC,1.39453,1.39466,1.39453,1.39455,0.1449
07.10.2025 18:55:00.000 UTC,1.39454,1.3947,1.39453,1.39468,0.15771
07.10.2025 18:56:00.000 UTC,1.39469,1.39492,1.39469,1.39491,0.04419
07.10.2025 18:57:00.000 UTC,1.39491,1.39494,1.3949,1.39492,0.0228
07.10.2025 18:58:00.000 UTC,1.39491,1.39497,1.39487,1.39489,0.10048
07.10.2025 18:59:00.000 UTC,1.39489,1.395,1.39487,1.39499,0.19875
07.10.2025 19:00:00.000 UTC,1.39498,1.395,1.39487,1.39487,0.07821
07.10.2025 19:01:00.000 UTC,1.39486,1.39492,1.39486,1.39488,0.03303
07.10.2025 19:02:00.000 UTC,1.39489,1.39499,1.39488,1.39498,0.06771
07.10.2025 19:03:00.000 UTC,1.39498,1.39501,1.39496,1.39497,0.05784
07.10.2025 19:04:00.000 UTC,1.39497,1.39499,1.39491,1.39498,0.05385
07.10.2025 19:05:00.000 UTC,1.39498,1.39501,1.39491,1.39492,0.08145
07.10.2025 19:06:00.000 UTC,1.39491,1.39499,1.39491,1.39498,0.07017
07.10.2025 19:07:00.000 UTC,1.39499,1.39501,1.39498,1.395,0.03873
07.10.2025 19:08:00.000 UTC,1.39499,1.39499,1.39492,1.39494,0.09399
07.10.2025 19:09:00.000 UTC,1.39493,1.39495,1.39487,1.39487,0.04839
07.10.2025 19:10:00.000 UTC,1.39488,1.39489,1.39487,1.39489,0.04275
07.10.2025 19:11:00.000 UTC,1.39492,1.395,1.39491,1.39499,0.05019
07.10.2025 19:12:00.000 UTC,1.39499,1.39508,1.39499,1.39507,0.04386
07.10.2025 19:13:00.000 UTC,1.39507,1.39518,1.39505,1.39518,0.06426
07.10.2025 19:14:00.000 UTC,1.39515,1.39543,1.39514,1.39533,0.08784
07.10.2025 19:15:00.000 UTC,1.39533,1.3955,1.39533,1.39546,0.21126
07.10.2025 19:16:00.000 UTC,1.39545,1.39545,1.39536,1.39539,0.13374
07.10.2025 19:17:00.000 UTC,1.39539,1.39541,1.39538,1.3954,0.05445
07.10.2025 19:18:00.000 UTC,1.39541,1.39541,1.39538,1.39539,0.05184
07.10.2025 19:19:00.000 UTC,1.3954,1.39549,1.39539,1.39548,0.07605
07.10.2025 19:20:00.000 UTC,1.39548,1.39553,1.39543,1.3955,0.11289
07.10.2025 19:21:00.000 UTC,1.3955,1.3955,1.39531,1.39534,0.13725
07.10.2025 19:22:00.000 UTC,1.39534,1.39534,1.39527,1.39527,0.06963
07.10.2025 19:23:00.000 UTC,1.39529,1.39539,1.39529,1.39538,0.13056
07.10.2025 19:24:00.000 UTC,1.39538,1.39539,1.3953,1.39538,0.12698
07.10.2025 19:25:00.000 UTC,1.39538,1.3954,1.39528,1.39528,0.13098
07.10.2025 19:26:00.000 UTC,1.39527,1.39541,1.39527,1.3954,0.08409
07.10.2025 19:27:00.000 UTC,1.39543,1.39549,1.39543,1.39544,0.0519
07.10.2025 19:28:00.000 UTC,1.39544,1.39544,1.39536,1.39539,0.08682
07.10.2025 19:29:00.000 UTC,1.39539,1.39551,1.39538,1.39538,0.10542
07.10.2025 19:30:00.000 UTC,1.39539,1.3954,1.39528,1.39528,0.072
07.10.2025 19:31:00.000 UTC,1.39527,1.39529,1.39522,1.39523,0.0681
07.10.2025 19:32:00.000 UTC,1.39522,1.39526,1.39519,1.39519,0.05745
07.10.2025 19:33:00.000 UTC,1.39519,1.39542,1.39519,1.39541,0.102
07.10.2025 19:34:00.000 UTC,1.39542,1.39553,1.39542,1.39548,0.06735
07.10.2025 19:35:00.000 UTC,1.39549,1.39549,1.39543,1.39545,0.05529
07.10.2025 19:36:00.000 UTC,1.39545,1.39554,1.3954,1.39551,0.07698
07.10.2025 19:37:00.000 UTC,1.39551,1.39569,1.39549,1.39568,0.09349
07.10.2025 19:38:00.000 UTC,1.39566,1.39584,1.39562,1.39582,0.07305
07.10.2025 19:39:00.000 UTC,1.39587,1.39601,1.39584,1.39596,0.13602
07.10.2025 19:40:00.000 UTC,1.39595,1.39596,1.39577,1.39577,0.08145
07.10.2025 19:41:00.000 UTC,1.39577,1.39577,1.39556,1.3956,0.08235
07.10.2025 19:42:00.000 UTC,1.39559,1.39559,1.3955,1.39554,0.14292
07.10.2025 19:43:00.000 UTC,1.39552,1.3956,1.3955,1.3956,0.11484
07.10.2025 19:44:00.000 UTC,1.3956,1.3956,1.39547,1.39548,0.09189
07.10.2025 19:45:00.000 UTC,1.3955,1.39554,1.39549,1.39549,0.07563
07.10.2025 19:46:00.000 UTC,1.3955,1.39552,1.39549,1.3955,0.03795
07.10.2025 19:47:00.000 UTC,1.39551,1.39551,1.39547,1.39549,0.045
07.10.2025 19:48:00.000 UTC,1.39548,1.39563,1.39544,1.3956,0.0567
07.10.2025 19:49:00.000 UTC,1.39556,1.39557,1.3955,1.3955,0.03945
07.10.2025 19:50:00.000 UTC,1.3955,1.3955,1.39547,1.39548,0.02085
07.10.2025 19:51:00.000 UTC,1.39548,1.3955,1.3954,1.39543,0.08865
07.10.2025 19:52:00.000 UTC,1.39541,1.39542,1.39538,1.3954,0.06675
07.10.2025 19:53:00.000 UTC,1.39539,1.39541,1.39539,1.3954,0.0441
07.10.2025 19:54:00.000 UTC,1.3954,1.3954,1.39524,1.39538,0.08892
07.10.2025 19:55:00.000 UTC,1.39538,1.3954,1.39532,1.39538,0.05859
07.10.2025 19:56:00.000 UTC,1.39537,1.39539,1.39527,1.39528,0.13245
07.10.2025 19:57:00.000 UTC,1.39529,1.39545,1.39529,1.39543,0.12609
07.10.2025 19:58:00.000 UTC,1.39546,1.3955,1.3954,1.39546,0.14796
07.10.2025 19:59:00.000 UTC,1.39545,1.39547,1.39531,1.39542,0.18963
07.10.2025 20:00:00.000 UTC,1.39542,1.39567,1.39542,1.39561,0.04155
07.10.2025 20:01:00.000 UTC,1.39561,1.39562,1.39551,1.39551,0.036
07.10.2025 20:02:00.000 UTC,1.39552,1.39558,1.39552,1.39556,0.02895
07.10.2025 20:03:00.000 UTC,1.39556,1.39558,1.39519,1.39519,0.04875
07.10.2025 20:04:00.000 UTC,1.39521,1.39544,1.3952,1.39543,0.04275
07.10.2025 20:05:00.000 UTC,1.39544,1.39556,1.39542,1.39556,0.0315
07.10.2025 20:06:00.000 UTC,1.39555,1.39556,1.39544,1.39544,0.01815
07.10.2025 20:07:00.000 UTC,1.39544,1.39544,1.39538,1.39542,0.04215
07.10.2025 20:08:00.000 UTC,1.39542,1.39542,1.39535,1.39537,0.02064
07.10.2025 20:09:00.000 UTC,1.39536,1.39542,1.39536,1.3954,0.03891
07.10.2025 20:10:00.000 UTC,1.39541,1.39541,1.39536,1.39539,0.02187
07.10.2025 20:11:00.000 UTC,1.39541,1.39549,1.3954,1.39548,0.012
07.10.2025 20:12:00.000 UTC,1.39548,1.3955,1.39547,1.39549,0.0168
07.10.2025 20:13:00.000 UTC,1.39548,1.39551,1.39547,1.39547,0.0342
07.10.2025 20:14:00.000 UTC,1.39546,1.3955,1.39543,1.39548,0.03015
07.10.2025 20:15:00.000 UTC,1.39547,1.39547,1.39542,1.39544,0.03135
07.10.2025 20:16:00.000 UTC,1.39545,1.39545,1.39536,1.39536,0.02475
07.10.2025 20:17:00.000 UTC,1.39536,1.39539,1.39536,1.39539,0.0222
07.10.2025 20:18:00.000 UTC,1.3954,1.3954,1.39537,1.39537,0.01485
07.10.2025 20:19:00.000 UTC,1.39536,1.39538,1.39536,1.39538,0.01185
07.10.2025 20:20:00.000 UTC,1.3954,1.3955,1.3954,1.3955,0.0447
07.10.2025 20:21:00.000 UTC,1.3955,1.39551,1.39549,1.39551,0.0069
07.10.2025 20:22:00.000 UTC,1.3955,1.39551,1.39548,1.3955,0.0261
07.10.2025 20:23:00.000 UTC,1.39549,1.3955,1.39549,1.39549,0.02205
07.10.2025 20:24:00.000 UTC,1.39549,1.39562,1.39549,1.3956,0.03405
07.10.2025 20:25:00.000 UTC,1.39561,1.39561,1.3956,1.3956,0.02235
07.10.2025 20:26:00.000 UTC,1.3956,1.39561,1.3956,1.39561,0.0105
07.10.2025 20:27:00.000 UTC,1.3956,1.39568,1.3956,1.39565,0.02031
07.10.2025 20:28:00.000 UTC,1.39566,1.39566,1.39559,1.3956,0.0225
07.10.2025 20:29:00.000 UTC,1.39558,1.39558,1.39558,1.39558,0.00777
07.10.2025 20:30:00.000 UTC,1.39557,1.39557,1.39552,1.39554,0.04656
07.10.2025 20:31:00.000 UTC,1.39553,1.39554,1.39547,1.39548,0.036
07.10.2025 20:32:00.000 UTC,1.39548,1.39553,1.39546,1.39553,0.03873
07.10.2025 20:33:00.000 UTC,1.39552,1.39553,1.39549,1.39549,0.01713
07.10.2025 20:34:00.000 UTC,1.3955,1.39551,1.39547,1.39548,0.02376
07.10.2025 20:35:00.000 UTC,1.39547,1.39547,1.39547,1.39547,0.00603
07.10.2025 20:36:00.000 UTC,1.39548,1.39548,1.39542,1.39544,0.01284
07.10.2025 20:37:00.000 UTC,1.39543,1.39545,1.39541,1.39542,0.04143
07.10.2025 20:38:00.000 UTC,1.39543,1.39548,1.39543,1.39548,0.01818
07.10.2025 20:39:00.000 UTC,1.39548,1.39549,1.39541,1.39541,0.03216
07.10.2025 20:40:00.000 UTC,1.39541,1.39541,1.39537,1.39537,0.02193
07.10.2025 20:41:00.000 UTC,1.39537,1.39537,1.39526,1.39527,0.01209
07.10.2025 20:42:00.000 UTC,1.39527,1.39527,1.39518,1.39518,0.0132
07.10.2025 20:43:00.000 UTC,1.3952,1.39521,1.39513,1.39517,0.02037
07.10.2025 20:44:00.000 UTC,1.39515,1.39516,1.39514,1.39514,0.00714
07.10.2025 20:45:00.000 UTC,1.39515,1.39516,1.39509,1.39509,0.03969
07.10.2025 20:46:00.000 UTC,1.39508,1.39508,1.39507,1.39508,0.0117
07.10.2025 20:47:00.000 UTC,1.39509,1.39509,1.39507,1.39507,0.0084
07.10.2025 20:48:00.000 UTC,1.39509,1.39512,1.3949,1.39502,0.05377
07.10.2025 20:49:00.000 UTC,1.39504,1.39505,1.39491,1.39492,0.0288
07.10.2025 20:50:00.000 UTC,1.39492,1.39499,1.39489,1.39497,0.0447
07.10.2025 20:51:00.000 UTC,1.395,1.39503,1.39492,1.395,0.08121
07.10.2025 20:52:00.000 UTC,1.39501,1.39501,1.39499,1.395,0.01728
07.10.2025 20:53:00.000 UTC,1.395,1.39501,1.39499,1.395,0.03276
07.10.2025 20:54:00.000 UTC,1.39501,1.39515,1.395,1.39502,0.03591
07.10.2025 20:55:00.000 UTC,1.39502,1.39502,1.39489,1.39489,0.1191
07.10.2025 20:56:00.000 UTC,1.39491,1.395,1.39485,1.39498,0.03375
07.10.2025 20:57:00.000 UTC,1.39497,1.39502,1.39489,1.3949,0.06462
07.10.2025 20:58:00.000 UTC,1.39488,1.39492,1.39481,1.39489,0.144
07.10.2025 20:59:00.000 UTC,1.39494,1.39494,1.39485,1.39487,0.0312
07.10.2025 21:00:00.000 UTC,1.39485,1.39485,1.39463,1.39463,0.00945
07.10.2025 21:01:00.000 UTC,1.39472,1.39497,1.39471,1.39497,0.0045
07.10.2025 21:02:00.000 UTC,1.39497,1.39497,1.39496,1.39496,0.0018
07.10.2025 21:04:00.000 UTC,1.39496,1.39496,1.39496,1.39496,0.0018
07.10.2025 21:05:00.000 UTC,1.39484,1.39489,1.39484,1.39489,0.0051
07.10.2025 21:06:00.000 UTC,1.39483,1.39486,1.39477,1.39482,0.0135
07.10.2025 21:07:00.000 UTC,1.39482,1.39484,1.39482,1.39484,0.0048
07.10.2025 21:09:00.000 UTC,1.39484,1.39491,1.39484,1.39491,0.0057
07.10.2025 21:10:00.000 UTC,1.39489,1.39489,1.3948,1.39485,0.0276
07.10.2025 21:11:00.000 UTC,1.39483,1.39484,1.39483,1.39484,0.0084
07.10.2025 21:12:00.000 UTC,1.39484,1.39485,1.39477,1.39483,0.0102
07.10.2025 21:13:00.000 UTC,1.39484,1.39484,1.39483,1.39483,0.0024
07.10.2025 21:14:00.000 UTC,1.39483,1.39484,1.39483,1.39483,0.0045
07.10.2025 21:15:00.000 UTC,1.39479,1.39483,1.39478,1.39482,0.02385
07.10.2025 21:16:00.000 UTC,1.39483,1.39483,1.39477,1.39477,0.03795
07.10.2025 21:17:00.000 UTC,1.39477,1.39477,1.39477,1.39477,0.0012
07.10.2025 21:18:00.000 UTC,1.39476,1.39478,1.39474,1.39474,0.0429
07.10.2025 21:19:00.000 UTC,1.39478,1.39481,1.39476,1.39479,0.02115
07.10.2025 21:20:00.000 UTC,1.39481,1.39488,1.39477,1.39477,0.02115
07.10.2025 21:21:00.000 UTC,1.3948,1.39485,1.39477,1.3948,0.14715
07.10.2025 21:22:00.000 UTC,1.39479,1.39485,1.39478,1.39484,0.11445
07.10.2025 21:23:00.000 UTC,1.3948,1.39483,1.39472,1.39476,0.0513
07.10.2025 21:24:00.000 UTC,1.39475,1.39477,1.39475,1.39477,0.0054
07.10.2025 21:25:00.000 UTC,1.39476,1.39477,1.39473,1.39473,0.01095
07.10.2025 21:26:00.000 UTC,1.39474,1.39477,1.39472,1.39475,0.02145
07.10.2025 21:27:00.000 UTC,1.3948,1.3948,1.39472,1.39477,0.0108
07.10.2025 21:28:00.000 UTC,1.39478,1.39501,1.39471,1.395,0.1173
07.10.2025 21:29:00.000 UTC,1.39501,1.39501,1.39501,1.39501,0.0012
07.10.2025 21:30:00.000 UTC,1.39501,1.39506,1.395,1.39506,0.01695
07.10.2025 21:31:00.000 UTC,1.39509,1.39514,1.39509,1.39513,0.0108
07.10.2025 21:32:00.000 UTC,1.39511,1.39513,1.39506,1.39506,0.0171
07.10.2025 21:33:00.000 UTC,1.39503,1.39503,1.39496,1.39496,0.0072
07.10.2025 21:34:00.000 UTC,1.39496,1.39496,1.39492,1.39492,0.0048
07.10.2025 21:35:00.000 UTC,1.39494,1.39494,1.39482,1.39486,0.015
07.10.2025 21:36:00.000 UTC,1.39485,1.39486,1.39479,1.39479,0.0228
07.10.2025 21:37:00.000 UTC,1.39482,1.39484,1.39478,1.39478,0.015
07.10.2025 21:38:00.000 UTC,1.3948,1.39488,1.39477,1.39483,0.0222
07.10.2025 21:39:00.000 UTC,1.39485,1.39488,1.39484,1.39484,0.009
07.10.2025 21:40:00.000 UTC,1.39485,1.39486,1.39479,1.39484,0.0138
07.10.2025 21:41:00.000 UTC,1.39484,1.39485,1.39479,1.39482,0.039
07.10.2025 21:42:00.000 UTC,1.39485,1.39487,1.3948,1.39482,0.11535
07.10.2025 21:43:00.000 UTC,1.39483,1.39484,1.39483,1.39484,0.012
07.10.2025 21:44:00.000 UTC,1.39485,1.39485,1.39482,1.39484,0.0231
07.10.2025 21:45:00.000 UTC,1.39485,1.39489,1.39485,1.39486,0.0072
07.10.2025 21:46:00.000 UTC,1.39482,1.39484,1.39482,1.39483,0.0111
07.10.2025 21:47:00.000 UTC,1.39485,1.39485,1.39485,1.39485,0.0024
07.10.2025 21:48:00.000 UTC,1.39482,1.39484,1.39478,1.3948,0.02025
07.10.2025 21:49:00.000 UTC,1.39482,1.39482,1.39482,1.39482,0.0024
07.10.2025 21:50:00.000 UTC,1.3948,1.3948,1.39476,1.39478,0.0108
07.10.2025 21:51:00.000 UTC,1.39477,1.39479,1.39477,1.39478,0.01605
07.10.2025 21:52:00.000 UTC,1.39486,1.39486,1.39475,1.39478,0.03675
07.10.2025 21:53:00.000 UTC,1.39478,1.3948,1.39475,1.3948,0.0168
07.10.2025 21:54:00.000 UTC,1.39478,1.39485,1.39475,1.39479,0.0219
07.10.2025 21:55:00.000 UTC,1.39475,1.39478,1.39475,1.39476,0.01995
07.10.2025 21:56:00.000 UTC,1.39477,1.39487,1.39476,1.39477,0.04335
07.10.2025 21:57:00.000 UTC,1.39479,1.39492,1.39473,1.39479,0.02955
07.10.2025 21:58:00.000 UTC,1.39479,1.3948,1.39479,1.39479,0.0168
07.10.2025 21:59:00.000 UTC,1.39479,1.39479,1.39479,1.39479,0.0036
07.10.2025 22:00:00.000 UTC,1.39479,1.39485,1.39474,1.39479,0.0297
07.10.2025 22:01:00.000 UTC,1.39479,1.39484,1.3947,1.39482,0.04725
07.10.2025 22:02:00.000 UTC,1.39482,1.39487,1.3948,1.3948,0.0072
07.10.2025 22:03:00.000 UTC,1.3948,1.3948,1.39479,1.3948,0.0081
07.10.2025 22:04:00.000 UTC,1.3948,1.39481,1.39479,1.39479,0.0594
07.10.2025 22:05:00.000 UTC,1.39479,1.39485,1.39479,1.39481,0.01755
07.10.2025 22:06:00.000 UTC,1.39481,1.39481,1.39472,1.39474,0.0144
07.10.2025 22:07:00.000 UTC,1.39472,1.39474,1.39472,1.39474,0.01335
07.10.2025 22:08:00.000 UTC,1.39473,1.39475,1.39473,1.39474,0.0048
07.10.2025 22:09:00.000 UTC,1.39476,1.39485,1.39476,1.3948,0.0108
07.10.2025 22:10:00.000 UTC,1.39481,1.39481,1.3948,1.3948,0.0024
07.10.2025 22:11:00.000 UTC,1.39479,1.3948,1.39479,1.39479,0.0168
07.10.2025 22:12:00.000 UTC,1.39479,1.3948,1.39479,1.39479,0.0084
07.10.2025 22:13:00.000 UTC,1.3948,1.39482,1.3948,1.39482,0.006
07.10.2025 22:14:00.000 UTC,1.39483,1.39484,1.39482,1.39484,0.012
07.10.2025 22:15:00.000 UTC,1.39484,1.39485,1.39484,1.39484,0.0036
07.10.2025 22:16:00.000 UTC,1.39484,1.39484,1.39483,1.39483,0.006
07.10.2025 22:17:00.000 UTC,1.39482,1.39493,1.39482,1.39493,0.01095
07.10.2025 22:18:00.000 UTC,1.39492,1.39492,1.39492,1.39492,0.0036
07.10.2025 22:19:00.000 UTC,1.39492,1.39493,1.39492,1.39493,0.00495
07.10.2025 22:20:00.000 UTC,1.39493,1.39493,1.39484,1.39485,0.01365
07.10.2025 22:21:00.000 UTC,1.39484,1.39485,1.39484,1.39485,0.0048
07.10.2025 22:22:00.000 UTC,1.39485,1.39485,1.39484,1.39484,0.0156
07.10.2025 22:23:00.000 UTC,1.39484,1.39485,1.39484,1.39484,0.0072
07.10.2025 22:24:00.000 UTC,1.39486,1.39491,1.39486,1.39489,0.01575
07.10.2025 22:25:00.000 UTC,1.39489,1.3949,1.39484,1.39485,0.0156
07.10.2025 22:26:00.000 UTC,1.39485,1.39485,1.39484,1.39484,0.006
07.10.2025 22:27:00.000 UTC,1.39484,1.39484,1.39484,1.39484,0.0012
07.10.2025 22:28:00.000 UTC,1.39485,1.39492,1.39485,1.3949,0.018
07.10.2025 22:29:00.000 UTC,1.39491,1.39491,1.39489,1.3949,0.0108
07.10.2025 22:30:00.000 UTC,1.39489,1.39493,1.39489,1.39493,0.02472
07.10.2025 22:31:00.000 UTC,1.39491,1.39492,1.39491,1.39491,0.00996
07.10.2025 22:32:00.000 UTC,1.39494,1.39494,1.39493,1.39494,0.0048
07.10.2025 22:33:00.000 UTC,1.39491,1.39493,1.39491,1.39493,0.00612
07.10.2025 22:34:00.000 UTC,1.39492,1.39492,1.39492,1.39492,0.00396
07.10.2025 22:35:00.000 UTC,1.39493,1.39495,1.39493,1.39494,0.01344
07.10.2025 22:36:00.000 UTC,1.39493,1.39493,1.39493,1.39493,0.00504
07.10.2025 22:37:00.000 UTC,1.39494,1.39494,1.39491,1.39492,0.00624
07.10.2025 22:38:00.000 UTC,1.39492,1.39493,1.39492,1.39492,0.00879
07.10.2025 22:39:00.000 UTC,1.39494,1.39494,1.39494,1.39494,0.0012
07.10.2025 22:40:00.000 UTC,1.39496,1.39496,1.39495,1.39495,0.0072
07.10.2025 22:41:00.000 UTC,1.39495,1.39496,1.39495,1.39495,0.012
07.10.2025 22:42:00.000 UTC,1.39495,1.395,1.39495,1.395,0.03
07.10.2025 22:43:00.000 UTC,1.39499,1.395,1.39498,1.39498,0.0672
07.10.2025 22:44:00.000 UTC,1.39499,1.39499,1.39498,1.39498,0.1404
07.10.2025 22:45:00.000 UTC,1.39497,1.39503,1.39496,1.39502,0.08577
07.10.2025 22:46:00.000 UTC,1.39503,1.39503,1.39502,1.39502,0.01224
07.10.2025 22:47:00.000 UTC,1.39502,1.39503,1.39499,1.39501,0.02655
07.10.2025 22:48:00.000 UTC,1.39502,1.39502,1.39501,1.39501,0.0126
07.10.2025 22:50:00.000 UTC,1.39501,1.39503,1.39498,1.395,0.02484
07.10.2025 22:51:00.000 UTC,1.39501,1.39502,1.39499,1.395,0.03075
07.10.2025 22:52:00.000 UTC,1.39501,1.39502,1.39496,1.39502,0.02508
07.10.2025 22:53:00.000 UTC,1.39502,1.39502,1.39502,1.39502,0.00132
07.10.2025 22:54:00.000 UTC,1.39501,1.39502,1.39501,1.39502,0.00969
07.10.2025 22:55:00.000 UTC,1.39501,1.39501,1.39501,1.39501,0.0078
07.10.2025 22:56:00.000 UTC,1.39501,1.39504,1.39501,1.39501,0.02121
07.10.2025 22:57:00.000 UTC,1.39501,1.39505,1.39501,1.39504,0.01713
07.10.2025 22:58:00.000 UTC,1.39505,1.39505,1.39503,1.39504,0.036
07.10.2025 22:59:00.000 UTC,1.39504,1.39506,1.39503,1.39504,0.02577
07.10.2025 23:00:00.000 UTC,1.39504,1.39504,1.395,1.39501,0.03561
07.10.2025 23:01:00.000 UTC,1.39501,1.39503,1.395,1.39501,0.01923
07.10.2025 23:02:00.000 UTC,1.39501,1.39504,1.39501,1.39504,0.03948
07.10.2025 23:03:00.000 UTC,1.39504,1.39516,1.39503,1.39515,0.04338
07.10.2025 23:04:00.000 UTC,1.39514,1.39516,1.39514,1.39515,0.0183
07.10.2025 23:05:00.000 UTC,1.39514,1.39515,1.39513,1.39514,0.02979
07.10.2025 23:06:00.000 UTC,1.39514,1.39515,1.39513,1.39515,0.02565
07.10.2025 23:07:00.000 UTC,1.39516,1.39517,1.39515,1.39515,0.0258
07.10.2025 23:08:00.000 UTC,1.39516,1.39517,1.39513,1.39516,0.02913
07.10.2025 23:09:00.000 UTC,1.39516,1.39517,1.39515,1.39515,0.0216
07.10.2025 23:10:00.000 UTC,1.39515,1.39517,1.39514,1.39515,0.03012
07.10.2025 23:11:00.000 UTC,1.39513,1.39515,1.39513,1.39514,0.01965
07.10.2025 23:12:00.000 UTC,1.39514,1.39517,1.39514,1.39516,0.01965
07.10.2025 23:13:00.000 UTC,1.39515,1.39516,1.39514,1.39515,0.0195
07.10.2025 23:14:00.000 UTC,1.39516,1.39519,1.39514,1.39515,0.02361
07.10.2025 23:15:00.000 UTC,1.39516,1.39516,1.39515,1.39515,0.0318
07.10.2025 23:16:00.000 UTC,1.39516,1.39516,1.39514,1.39515,0.03885
07.10.2025 23:17:00.000 UTC,1.39522,1.39524,1.39522,1.39523,0.045
07.10.2025 23:18:00.000 UTC,1.39523,1.39526,1.39523,1.39523,0.04188
07.10.2025 23:19:00.000 UTC,1.39524,1.39526,1.39524,1.39524,0.02487
07.10.2025 23:20:00.000 UTC,1.39525,1.39534,1.39525,1.39526,0.08274
07.10.2025 23:21:00.000 UTC,1.39525,1.39534,1.39524,1.39532,0.0501
07.10.2025 23:22:00.000 UTC,1.39533,1.39534,1.39533,1.39533,0.01035
07.10.2025 23:23:00.000 UTC,1.39533,1.39533,1.39531,1.39533,0.0186
07.10.2025 23:24:00.000 UTC,1.39532,1.39533,1.39528,1.39531,0.0624
07.10.2025 23:25:00.000 UTC,1.39531,1.39531,1.39526,1.39531,0.0555
07.10.2025 23:26:00.000 UTC,1.39532,1.39532,1.39524,1.39524,0.02685
07.10.2025 23:27:00.000 UTC,1.39524,1.39524,1.3952,1.3952,0.0072
07.10.2025 23:28:00.000 UTC,1.3952,1.39522,1.39517,1.39518,0.0285
07.10.2025 23:29:00.000 UTC,1.39518,1.39522,1.39516,1.39522,0.0192
07.10.2025 23:30:00.000 UTC,1.39522,1.3953,1.39522,1.3953,0.05745
07.10.2025 23:31:00.000 UTC,1.3953,1.3953,1.39526,1.39526,0.0213
07.10.2025 23:32:00.000 UTC,1.39526,1.39526,1.39525,1.39525,0.00525
07.10.2025 23:33:00.000 UTC,1.39525,1.39529,1.39525,1.39529,0.02091
07.10.2025 23:34:00.000 UTC,1.39528,1.39528,1.39519,1.3952,0.05688
07.10.2025 23:35:00.000 UTC,1.39521,1.39526,1.3952,1.39526,0.04755
07.10.2025 23:36:00.000 UTC,1.39525,1.39532,1.39525,1.3953,0.054
07.10.2025 23:37:00.000 UTC,1.39529,1.39533,1.39528,1.39532,0.0786
07.10.2025 23:38:00.000 UTC,1.39532,1.39532,1.39528,1.3953,0.0423
07.10.2025 23:39:00.000 UTC,1.39528,1.39532,1.39528,1.3953,0.0603
07.10.2025 23:40:00.000 UTC,1.3953,1.39536,1.39529,1.39531,0.0579
07.10.2025 23:41:00.000 UTC,1.39531,1.39535,1.3953,1.39531,0.1038
07.10.2025 23:42:00.000 UTC,1.3953,1.39531,1.39525,1.39526,0.03315
07.10.2025 23:43:00.000 UTC,1.39525,1.39531,1.39525,1.39528,0.03705
07.10.2025 23:44:00.000 UTC,1.39526,1.39528,1.39525,1.39526,0.02025
07.10.2025 23:45:00.000 UTC,1.39524,1.39527,1.39524,1.39525,0.10455
07.10.2025 23:46:00.000 UTC,1.39526,1.39526,1.39522,1.39522,0.0351
07.10.2025 23:47:00.000 UTC,1.39521,1.39526,1.39521,1.39525,0.03993
07.10.2025 23:48:00.000 UTC,1.39523,1.39523,1.39514,1.39516,0.03528
07.10.2025 23:49:00.000 UTC,1.39516,1.39523,1.3951,1.3951,0.10638
07.10.2025 23:50:00.000 UTC,1.39511,1.39513,1.39507,1.39511,0.15555
07.10.2025 23:51:00.000 UTC,1.39512,1.39515,1.39512,1.39514,0.04935
07.10.2025 23:52:00.000 UTC,1.39515,1.3952,1.39513,1.39519,0.07446
07.10.2025 23:53:00.000 UTC,1.3952,1.39525,1.39519,1.39523,0.07938
07.10.2025 23:54:00.000 UTC,1.39523,1.39525,1.39522,1.39524,0.06165
07.10.2025 23:55:00.000 UTC,1.39523,1.39525,1.39523,1.39523,0.06723
07.10.2025 23:56:00.000 UTC,1.39525,1.39527,1.39522,1.39524,0.07047
07.10.2025 23:57:00.000 UTC,1.39523,1.39526,1.39523,1.39526,0.0324
07.10.2025 23:58:00.000 UTC,1.39524,1.39528,1.39524,1.39526,0.06597
07.10.2025 23:59:00.000 UTC,1.39526,1.39528,1.39524,1.39526,0.09126